Scraped e-mails,Url
webmaster@zeelandnetbv.nl,http://www.zeelandnet.nl/cookies
sollicitatie@aers-olie.nl,http://www.zeelandnet.nl/vacaturebank
Haroldb@zeelandnet.nl,http://www.zeelandnet.nl/weer
webmaster@zeelandnet.nl,http://www.zeelandnet.nl/uitinzeeland
webmaster@zeelandnet.nl,http://www.zeelandnet.nl/people
webmaster@zeelandnetbv.nl,http://www.zeelandnet.nl/kidsplace
webmaster@zeelandnet.nl,http://www.zeelandnet.nl/uitinzeeland
webmaster@zeelandnet.nl,http://www.zeelandnet.nl/people
colocation@xs4all.nl,https://www.xs4all.nl/storingen/
colocation@xs4all.nl,https://www.xs4all.nl/storingen/
woordvoering@xs4all.nl,https://www.xs4all.nl/contact/
veiligheid@xs4all.nl,https://www.xs4all.nl/veiligheid/
veiligheid@xs4all.nl,https://www.xs4all.nl/veiligheid/
klantcontactcentrum@kliksafe.nl,https://www.kliksafe.nl/mededelingen/
klantcontactcentrum@kliksafe.nl,https://www.kliksafe.nl/mededelingen/
klantcontactcentrum@kliksafe.nl,https://www.kliksafe.nl/werkzaamheden/
klantcontactcentrum@kliksafe.nl,https://www.kliksafe.nl/werkzaamheden/
klantcontactcentrum@kliksafe.nl,http://kliksafe.nl/videoportal
klantcontactcentrum@kliksafe.nl,http://kliksafe.nl/videoportal
klantcontactcentrum@kliksafe.nl,https://www.kliksafe.nl/filter-aanvragen-blokkeren/
klantcontactcentrum@kliksafe.nl,https://www.kliksafe.nl/filter-aanvragen-blokkeren/
klantcontactcentrum@kliksafe.nl,https://www.kliksafe.nl/teamviewer/
klantcontactcentrum@kliksafe.nl,https://www.kliksafe.nl/teamviewer/
klantcontactcentrum@kliksafe.nl,https://www.kliksafe.nl
klantcontactcentrum@kliksafe.nl,https://www.kliksafe.nl
klantcontactcentrum@kliksafe.nl,https://www.kliksafe.nl/pakketten/
klantcontactcentrum@kliksafe.nl,https://www.kliksafe.nl/pakketten/
klantcontactcentrum@kliksafe.nl,https://www.kliksafe.nl/pakketten/veilig-internet
klantcontactcentrum@kliksafe.nl,https://www.kliksafe.nl/pakketten/veilig-internet
klantcontactcentrum@kliksafe.nl,https://www.kliksafe.nl/pakketten/veilig-internet/internet-basis-20-mb
klantcontactcentrum@kliksafe.nl,https://www.kliksafe.nl/pakketten/veilig-internet/internet-basis-20-mb
klantcontactcentrum@kliksafe.nl,https://www.kliksafe.nl/pakketten/veilig-internet/internet-standaard
klantcontactcentrum@kliksafe.nl,https://www.kliksafe.nl/pakketten/veilig-internet/internet-standaard
klantcontactcentrum@kliksafe.nl,https://www.kliksafe.nl/pakketten/veilig-internet/internet-extra
klantcontactcentrum@kliksafe.nl,https://www.kliksafe.nl/pakketten/veilig-internet/internet-extra
klantcontactcentrum@kliksafe.nl,https://www.kliksafe.nl/pakketten/veilig-internet/glasvezel-vraagbundeling
klantcontactcentrum@kliksafe.nl,https://www.kliksafe.nl/pakketten/veilig-internet/glasvezel-vraagbundeling
klantcontactcentrum@kliksafe.nl,https://www.kliksafe.nl/pakketten/veilig-internet-bellen
klantcontactcentrum@kliksafe.nl,https://www.kliksafe.nl/pakketten/veilig-internet-bellen
klantcontactcentrum@kliksafe.nl,https://www.kliksafe.nl/pakketten/veilig-internet-bellen/internet-basis-20-mb-bellen
klantcontactcentrum@kliksafe.nl,https://www.kliksafe.nl/pakketten/veilig-internet-bellen/internet-basis-20-mb-bellen
klantcontactcentrum@kliksafe.nl,https://www.kliksafe.nl/pakketten/veilig-internet-bellen/internet-standaard-bellen
klantcontactcentrum@kliksafe.nl,https://www.kliksafe.nl/pakketten/veilig-internet-bellen/internet-standaard-bellen
klantcontactcentrum@kliksafe.nl,https://www.kliksafe.nl/pakketten/veilig-internet-bellen/internet-extra-bellen
klantcontactcentrum@kliksafe.nl,https://www.kliksafe.nl/pakketten/veilig-internet-bellen/internet-extra-bellen
klantcontactcentrum@kliksafe.nl,https://www.kliksafe.nl/pakketten/veilig-internet-bellen/glasvezel-vraagbundeling-3
klantcontactcentrum@kliksafe.nl,https://www.kliksafe.nl/pakketten/veilig-internet-bellen/glasvezel-vraagbundeling-3
klantcontactcentrum@kliksafe.nl,https://www.kliksafe.nl/pakketten/overige-producten
klantcontactcentrum@kliksafe.nl,https://www.kliksafe.nl/pakketten/overige-producten
klantcontactcentrum@kliksafe.nl,https://www.kliksafe.nl/pakketten/overige-producten/filterbox
klantcontactcentrum@kliksafe.nl,https://www.kliksafe.nl/pakketten/overige-producten/filterbox
klantcontactcentrum@kliksafe.nl,https://www.kliksafe.nl/pakketten/overige-producten/belbundels
klantcontactcentrum@kliksafe.nl,https://www.kliksafe.nl/pakketten/overige-producten/belbundels
klantcontactcentrum@kliksafe.nl,https://www.kliksafe.nl/pakketten/overige-producten/kliksafe-mobi
klantcontactcentrum@kliksafe.nl,https://www.kliksafe.nl/pakketten/overige-producten/kliksafe-mobi
klantcontactcentrum@kliksafe.nl,https://www.kliksafe.nl/pakketten/overige-producten/webshop
klantcontactcentrum@kliksafe.nl,https://www.kliksafe.nl/pakketten/overige-producten/webshop
klantcontactcentrum@kliksafe.nl,https://www.kliksafe.nl/pakketten/overige-producten/antivirus-antispyware
klantcontactcentrum@kliksafe.nl,https://www.kliksafe.nl/pakketten/overige-producten/antivirus-antispyware
klantcontactcentrum@kliksafe.nl,https://www.kliksafe.nl/pakketten/overige-producten/kliksafe-clean
klantcontactcentrum@kliksafe.nl,https://www.kliksafe.nl/pakketten/overige-producten/kliksafe-clean
klantcontactcentrum@kliksafe.nl,https://www.kliksafe.nl/filtermogelijkheden/
klantcontactcentrum@kliksafe.nl,https://www.kliksafe.nl/filtermogelijkheden/
klantcontactcentrum@kliksafe.nl,https://www.kliksafe.nl/welk-filter-past-bij-mij/
klantcontactcentrum@kliksafe.nl,https://www.kliksafe.nl/welk-filter-past-bij-mij/
klantcontactcentrum@kliksafe.nl,https://www.kliksafe.nl/kliksafe-filtertypen/
klantcontactcentrum@kliksafe.nl,https://www.kliksafe.nl/kliksafe-filtertypen/
klantcontactcentrum@kliksafe.nl,https://www.kliksafe.nl/hoe-werkt-filter/
klantcontactcentrum@kliksafe.nl,https://www.kliksafe.nl/hoe-werkt-filter/
klantcontactcentrum@kliksafe.nl,https://www.kliksafe.nl/https-filtering/
klantcontactcentrum@kliksafe.nl,https://www.kliksafe.nl/https-filtering/
klantcontactcentrum@kliksafe.nl,https://www.kliksafe.nl/blogs/
klantcontactcentrum@kliksafe.nl,https://www.kliksafe.nl/blogs/
klantcontactcentrum@kliksafe.nl,https://www.kliksafe.nl/service/
klantcontactcentrum@kliksafe.nl,https://www.kliksafe.nl/service/
klantcontactcentrum@kliksafe.nl,https://www.kliksafe.nl/service/
klantcontactcentrum@kliksafe.nl,https://www.kliksafe.nl/service/
info@ogonline.nl,http://www.ogonline.nl
noreply@telfort.nl,https://www.telfort.nl/persoonlijk/service/factuur-en-verbruik.htm
iwanttowork@flickr.com,https://www.flickr.com/
gebruikersnaam@dds.nl,https://secure.dds.nl/aanmelden/basic/
rektorati@uni-prizren.com,http://uni-prizren.com/sq/ballina
rektorati@uni-prizren.com,http://uni-prizren.com/sq/ballina?
rektorati@uni-prizren.com,http://uni-prizren.com/en/Home?
rektorati@uni-prizren.com,http://uni-prizren.com/tr/home-5?
rektorati@uni-prizren.com,http://uni-prizren.com/sq/universiteti
rektorati@uni-prizren.com,http://uni-prizren.com/sq/universiteti
rektorati@uni-prizren.com,http://uni-prizren.com/sq/universiteti
rektorati@uni-prizren.com,http://uni-prizren.com/sq/fakulteti-i-shkencave-kompjuterike
rektorati@uni-prizren.com,http://uni-prizren.com/sq/fakulteti-i-shkencave-kompjuterike
rektorati@uni-prizren.com,http://uni-prizren.com/sq/fakulteti-i-shkencave-kompjuterike
rektorati@uni-prizren.com,http://uni-prizren.com/sq/fakulteti-i-shkencave-te-jetes-dhe-mjedisit
rektorati@uni-prizren.com,http://uni-prizren.com/sq/fakulteti-i-shkencave-te-jetes-dhe-mjedisit
rektorati@uni-prizren.com,http://uni-prizren.com/sq/fakulteti-i-shkencave-te-jetes-dhe-mjedisit
rektorati@uni-prizren.com,http://uni-prizren.com/sq/fakulteti-i-edukimit
rektorati@uni-prizren.com,http://uni-prizren.com/sq/fakulteti-i-edukimit
rektorati@uni-prizren.com,http://uni-prizren.com/sq/fakulteti-i-edukimit
rektorati@uni-prizren.com,http://uni-prizren.com/sq/fakulteti-juridik
rektorati@uni-prizren.com,http://uni-prizren.com/sq/fakulteti-juridik
rektorati@uni-prizren.com,http://uni-prizren.com/sq/fakulteti-juridik
rektorati@uni-prizren.com,http://uni-prizren.com/sq/fakulteti-ekonomik
rektorati@uni-prizren.com,http://uni-prizren.com/sq/fakulteti-ekonomik
rektorati@uni-prizren.com,http://uni-prizren.com/sq/fakulteti-ekonomik
rektorati@uni-prizren.com,http://uni-prizren.com/sq/fakulteti-i-filologjise
rektorati@uni-prizren.com,http://uni-prizren.com/sq/fakulteti-i-filologjise
rektorati@uni-prizren.com,http://uni-prizren.com/sq/fakulteti-i-filologjise
rektorati@uni-prizren.com,http://uni-prizren.com/sq/kerkime-shkencore
rektorati@uni-prizren.com,http://uni-prizren.com/sq/kerkime-shkencore
rektorati@uni-prizren.com,http://uni-prizren.com/sq/kerkime-shkencore
rektorati@uni-prizren.com,http://uni-prizren.com/sq/studentet
rektorati@uni-prizren.com,http://uni-prizren.com/sq/studentet
rektorati@uni-prizren.com,http://uni-prizren.com/sq/studentet
rektorati@uni-prizren.com,http://uni-prizren.com/sq/programet
rektorati@uni-prizren.com,http://uni-prizren.com/sq/programet
rektorati@uni-prizren.com,http://uni-prizren.com/sq/programet
rektorati@uni-prizren.com,http://uni-prizren.com/sq/zmj
rektorati@uni-prizren.com,http://uni-prizren.com/sq/zmj
rektorati@uni-prizren.com,http://uni-prizren.com/sq/zmj
rektorati@uni-prizren.com,http://uni-prizren.com/sq/jeta-ne-kampusi
rektorati@uni-prizren.com,http://uni-prizren.com/sq/jeta-ne-kampusi
rektorati@uni-prizren.com,http://uni-prizren.com/sq/jeta-ne-kampusi
rektorati@uni-prizren.com,http://uni-prizren.com/sq/fakulteti-i-shkencave-te-jetes-dhe-mjedisit
rektorati@uni-prizren.com,http://uni-prizren.com/sq/fakulteti-i-shkencave-te-jetes-dhe-mjedisit
rektorati@uni-prizren.com,http://uni-prizren.com/sq/fakulteti-i-shkencave-te-jetes-dhe-mjedisit
rektorati@uni-prizren.com,http://uni-prizren.com/sq/fakulteti-i-shkencave-kompjuterike
rektorati@uni-prizren.com,http://uni-prizren.com/sq/fakulteti-i-shkencave-kompjuterike
rektorati@uni-prizren.com,http://uni-prizren.com/sq/fakulteti-i-shkencave-kompjuterike
rektorati@uni-prizren.com,http://uni-prizren.com/sq/qyteti-PZ
rektorati@uni-prizren.com,http://uni-prizren.com/sq/qyteti-PZ
rektorati@uni-prizren.com,http://uni-prizren.com/sq/qyteti-PZ
rektorati@uni-prizren.com,http://uni-prizren.com/sq/ngjarje/1337
rektorati@uni-prizren.com,http://uni-prizren.com/sq/ngjarje/1337
rektorati@uni-prizren.com,http://uni-prizren.com/sq/ngjarje/1337
rektorati@uni-prizren.com,http://uni-prizren.com/sq/ngjarje/1337
rektorati@uni-prizren.com,http://uni-prizren.com/sq/ngjarje/1337
rektorati@uni-prizren.com,http://uni-prizren.com/sq/ngjarje/1337
rektorati@uni-prizren.com,http://uni-prizren.com/sq/ngjarje/1334
rektorati@uni-prizren.com,http://uni-prizren.com/sq/ngjarje/1334
rektorati@uni-prizren.com,http://uni-prizren.com/sq/ngjarje/1334
rektorati@uni-prizren.com,http://uni-prizren.com/sq/ngjarje/1334
rektorati@uni-prizren.com,http://uni-prizren.com/sq/ngjarje/1334
rektorati@uni-prizren.com,http://uni-prizren.com/sq/ngjarje/1334
rektorati@uni-prizren.com,http://uni-prizren.com/sq/ngjarje/1332
rektorati@uni-prizren.com,http://uni-prizren.com/sq/ngjarje/1332
rektorati@uni-prizren.com,http://uni-prizren.com/sq/ngjarje/1332
rektorati@uni-prizren.com,http://uni-prizren.com/sq/ngjarje/1332
rektorati@uni-prizren.com,http://uni-prizren.com/sq/ngjarje/1332
rektorati@uni-prizren.com,http://uni-prizren.com/sq/ngjarje/1332
rektorati@uni-prizren.com,http://uni-prizren.com/sq/ngjarje/1330
rektorati@uni-prizren.com,http://uni-prizren.com/sq/ngjarje/1330
rektorati@uni-prizren.com,http://uni-prizren.com/sq/ngjarje/1330
rektorati@uni-prizren.com,http://uni-prizren.com/sq/ngjarje/1330
rektorati@uni-prizren.com,http://uni-prizren.com/sq/ngjarje/1330
rektorati@uni-prizren.com,http://uni-prizren.com/sq/ngjarje/1330
rektorati@uni-prizren.com,http://uni-prizren.com/sq/ngjarje
rektorati@uni-prizren.com,http://uni-prizren.com/sq/ngjarje
rektorati@uni-prizren.com,http://uni-prizren.com/sq/ngjarje
rektorati@uni-prizren.com,http://uni-prizren.com/sq/lajme/1336
rektorati@uni-prizren.com,http://uni-prizren.com/sq/lajme/1336
rektorati@uni-prizren.com,http://uni-prizren.com/sq/lajme/1336
apliko.upz@uni-prizren.com,http://uni-prizren.com/sq/lajme/1336
apliko.upz@uni-prizren.com,http://uni-prizren.com/sq/lajme/1336
rektorati@uni-prizren.com,http://uni-prizren.com/sq/lajme/1335
rektorati@uni-prizren.com,http://uni-prizren.com/sq/lajme/1335
rektorati@uni-prizren.com,http://uni-prizren.com/sq/lajme/1335
rektorati@uni-prizren.com,http://uni-prizren.com/sq/lajme/1333
rektorati@uni-prizren.com,http://uni-prizren.com/sq/lajme/1333
rektorati@uni-prizren.com,http://uni-prizren.com/sq/lajme/1333
rektorati@uni-prizren.com,http://uni-prizren.com/sq/lajme/1331
rektorati@uni-prizren.com,http://uni-prizren.com/sq/lajme/1331
rektorati@uni-prizren.com,http://uni-prizren.com/sq/lajme/1331
rektorati@uni-prizren.com,http://uni-prizren.com/sq/lajme/1331
rektorati@uni-prizren.com,http://uni-prizren.com/sq/lajme/1331
rektorati@uni-prizren.com,http://uni-prizren.com/sq/lajme/1331
rektorati@uni-prizren.com,http://uni-prizren.com/sq/lajme
rektorati@uni-prizren.com,http://uni-prizren.com/sq/lajme
rektorati@uni-prizren.com,http://uni-prizren.com/sq/lajme
rektorati@uni-prizren.com,http://uni-prizren.com/sq/buletinet#breadcrumb
rektorati@uni-prizren.com,http://uni-prizren.com/sq/buletinet#breadcrumb
rektorati@uni-prizren.com,http://uni-prizren.com/sq/buletinet#breadcrumb
rektorati@uni-prizren.com,http://uni-prizren.com/sq/buletinet#breadcrumb
rektorati@uni-prizren.com,http://uni-prizren.com/sq/buletinet#breadcrumb
rektorati@uni-prizren.com,http://uni-prizren.com/sq/fakulteti-i-shkencave-kompjuterike
rektorati@uni-prizren.com,http://uni-prizren.com/sq/fakulteti-i-shkencave-kompjuterike
rektorati@uni-prizren.com,http://uni-prizren.com/sq/fakulteti-i-shkencave-kompjuterike
rektorati@uni-prizren.com,http://uni-prizren.com/sq/fakulteti-i-shkencave-te-jetes-dhe-mjedisit
rektorati@uni-prizren.com,http://uni-prizren.com/sq/fakulteti-i-shkencave-te-jetes-dhe-mjedisit
rektorati@uni-prizren.com,http://uni-prizren.com/sq/fakulteti-i-shkencave-te-jetes-dhe-mjedisit
contact@faktor.mk,https://faktor.mk/robertson-veli-deka-zaev-treba-da-dejstvuva-hrabro
